{"nodeNames":["N1","N2","N3","N4","N5","N6"],"nodePositions":[[110.30000000000001,87.30000000000001],[240.70000000000005,252.90000000000003],[310.30000000000007,86.5],[27.900000000000034,255.3],[371.9000000000001,259.3],[379.9000000000001,155.3]],"adjMat":[[0,0,58,0,0,20],[0,0,0,0,1,0],[58,0,0,0,0,0],[0,0,0,0,0,37],[0,1,0,0,0,5],[20,0,0,37,5,0]]}